INSERT INTO STATUS_PRECO_REPORTADO (CODIGO, DESCRICAO, CREATED_DATE, MODIFIED_DATE, CREATED_BY, MODIFIED_BY)
VALUES
('AGUARDANDO', 'Aguardando processamento', CURRENT_TIMESTAMP, CURRENT_TIMESTAMP, 'GLASS', 'GLASS'),
('ERRO', 'Erro no processamento', CURRENT_TIMESTAMP, CURRENT_TIMESTAMP, 'GLASS', 'GLASS'),
('FINALIZADO', 'Processamento finalizado com sucesso', CURRENT_TIMESTAMP, CURRENT_TIMESTAMP, 'GLASS', 'GLASS');

INSERT INTO STATUS_LISTA (CODIGO, DESCRICAO, CREATED_DATE, MODIFIED_DATE, CREATED_BY, MODIFIED_BY)
VALUES
('AGUARDANDO', 'Aguardando processamento', CURRENT_TIMESTAMP, CURRENT_TIMESTAMP, 'GLASS', 'GLASS'),
('CANCELADA', 'Cancelamento do processamento', CURRENT_TIMESTAMP, CURRENT_TIMESTAMP, 'GLASS', 'GLASS'),
('FINALIZADA', 'Finalizado com sucesso', CURRENT_TIMESTAMP, CURRENT_TIMESTAMP, 'GLASS', 'GLASS');

-- Exemplos de Dados

 -- VENDEDORES
 INSERT INTO VENDEDORES (ID, NOME, CREATED_DATE, MODIFIED_DATE, CREATED_BY, MODIFIED_BY) VALUES
 ('a1b2c3d4-e5f6-7890-1234-567890abcdef', 'Supermercado Central', CURRENT_TIMESTAMP, CURRENT_TIMESTAMP, 'GLASS', 'GLASS'),
 ('b2c3d4e5-f6a7-8901-2345-67890abcdef1', 'Mercado do Bairro', CURRENT_TIMESTAMP, CURRENT_TIMESTAMP, 'GLASS', 'GLASS');

 -- ENDERECOS
 INSERT INTO ENDERECOS (ID, VENDEDOR_ID, COMPLEMENTO, CEP, LOGRADOURO, BAIRRO, CIDADE, NUMERO, ESTADO, CREATED_DATE, MODIFIED_DATE, CREATED_BY, MODIFIED_BY) VALUES
 ('c3d4e5f6-a7b8-9012-3456-7890abcdef12', 'a1b2c3d4-e5f6-7890-1234-567890abcdef', 'Loja 1', '12345-678', 'Rua Principal', 'Centro', 'Cidade Grande', '100', 'Estado Fictício', CURRENT_TIMESTAMP, CURRENT_TIMESTAMP, 'GLASS', 'GLASS'),
 ('d4e5f6a7-b8c9-0123-4567-890abcdef123', 'b2c3d4e5-f6a7-8901-2345-67890abcdef1', 'Esquina com a Rua B', '54321-876', 'Avenida Secundária', 'Vila Nova', 'Cidade Grande', '250', 'Estado Fictício', CURRENT_TIMESTAMP, CURRENT_TIMESTAMP, 'GLASS', 'GLASS');

 -- ITENS
 INSERT INTO ITENS (ID, NOME, DESCRICAO, IS_ATIVO, CREATED_DATE, MODIFIED_DATE, CREATED_BY, MODIFIED_BY) VALUES
 ('e5f6a7b8-c9d0-1234-5678-90abcdef1234', 'Arroz Agulhinha 1kg', 'Arroz branco tipo 1', TRUE, CURRENT_TIMESTAMP, CURRENT_TIMESTAMP, 'GLASS', 'GLASS'),
 ('f6a7b8c9-d0e1-2345-6789-0abcdef12345', 'Feijão Carioca 1kg', 'Feijão carioca tipo 1', TRUE, CURRENT_TIMESTAMP, CURRENT_TIMESTAMP, 'GLASS', 'GLASS'),
('a1b2c3d4-e5f6-4789-0123-456789abcdef', 'Macarrão Espaguete 500g', 'Massa de sêmola com ovos', TRUE, CURRENT_TIMESTAMP, CURRENT_TIMESTAMP, 'GLASS', 'GLASS'),
('b2c3d4e5-f6a7-5890-1234-567890abcdef', 'Óleo de Soja 900ml', 'Óleo de soja refinado', TRUE, CURRENT_TIMESTAMP, CURRENT_TIMESTAMP, 'GLASS', 'GLASS'),
('c3d4e5f6-a7b8-6901-2345-678901abcdef', 'Açúcar Refinado 1kg', 'Açúcar branco refinado', TRUE, CURRENT_TIMESTAMP, CURRENT_TIMESTAMP, 'GLASS', 'GLASS'),
('d4e5f6a7-b8c9-7012-3456-789012abcdef', 'Café Torrado e Moído 500g', 'Café tradicional a vácuo', TRUE, CURRENT_TIMESTAMP, CURRENT_TIMESTAMP, 'GLASS', 'GLASS'),
('e5f6a7b8-c9d0-8123-4567-890123abcdef', 'Leite Integral 1L', 'Leite UHT integral caixa', TRUE, CURRENT_TIMESTAMP, CURRENT_TIMESTAMP, 'GLASS', 'GLASS'),
('f6a7b8c9-d0e1-9234-5678-901234abcdef', 'Sabão em Pó 800g', 'Lava roupas em pó multiação', TRUE, CURRENT_TIMESTAMP, CURRENT_TIMESTAMP, 'GLASS', 'GLASS'),
('0a1b2c3d-4e5f-0345-6789-012345abcdef', 'Detergente Líquido 500ml', 'Detergente neutro para louças', TRUE, CURRENT_TIMESTAMP, CURRENT_TIMESTAMP, 'GLASS', 'GLASS'),
('1b2c3d4e-5f6a-1456-7890-123456abcdef', 'Papel Higiênico 4un', 'Folha dupla neutro 30m', TRUE, CURRENT_TIMESTAMP, CURRENT_TIMESTAMP, 'GLASS', 'GLASS'),
('2c3d4e5f-6a7b-2567-8901-234567abcdef', 'Creme Dental 90g', 'Pasta de dente proteção anticárie', TRUE, CURRENT_TIMESTAMP, CURRENT_TIMESTAMP, 'GLASS', 'GLASS'),
('3d4e5f6a-7b8c-3678-9012-345678abcdef', 'Biscoito Recheado 140g', 'Biscoito sabor chocolate', TRUE, CURRENT_TIMESTAMP, CURRENT_TIMESTAMP, 'GLASS', 'GLASS');

 -- ITENS_OFERTA
 INSERT INTO ITENS_OFERTA (ID, ITEM_ID, VENDEDOR_ID, HAS_PROMOCAO_ATIVA, PRECO, CREATED_DATE, MODIFIED_DATE, CREATED_BY, MODIFIED_BY) VALUES
 ('a7b8c9d0-e1f2-3456-7890-1bcdef123456', 'e5f6a7b8-c9d0-1234-5678-90abcdef1234', 'a1b2c3d4-e5f6-7890-1234-567890abcdef', FALSE, 20.50, CURRENT_TIMESTAMP, CURRENT_TIMESTAMP, 'GLASS', 'GLASS'),
 ('b8c9d0e1-f2a3-4567-8901-cdef12345678', 'f6a7b8c9-d0e1-2345-6789-0abcdef12345', 'b2c3d4e5-f6a7-8901-2345-67890abcdef1', TRUE, 8.99, CURRENT_TIMESTAMP, CURRENT_TIMESTAMP, 'GLASS', 'GLASS'),
 ('4a5b6c7d-8e9f-0123-4567-89abcdef0123', 'a1b2c3d4-e5f6-4789-0123-456789abcdef', 'a1b2c3d4-e5f6-7890-1234-567890abcdef', FALSE, 4.50, CURRENT_TIMESTAMP, CURRENT_TIMESTAMP, 'GLASS', 'GLASS'),
 ('5b6c7d8e-9f0a-1234-5678-90abcdef1234', 'b2c3d4e5-f6a7-5890-1234-567890abcdef', 'a1b2c3d4-e5f6-7890-1234-567890abcdef', FALSE, 7.90, CURRENT_TIMESTAMP, CURRENT_TIMESTAMP, 'GLASS', 'GLASS'),
 ('6c7d8e9f-0a1b-2345-6789-01abcdef2345', 'c3d4e5f6-a7b8-6901-2345-678901abcdef', 'a1b2c3d4-e5f6-7890-1234-567890abcdef', FALSE, 5.20, CURRENT_TIMESTAMP, CURRENT_TIMESTAMP, 'GLASS', 'GLASS'),
 ('7d8e9f0a-1b2c-3456-7890-12abcdef3456', 'd4e5f6a7-b8c9-7012-3456-789012abcdef', 'a1b2c3d4-e5f6-7890-1234-567890abcdef', FALSE, 18.90, CURRENT_TIMESTAMP, CURRENT_TIMESTAMP, 'GLASS', 'GLASS'),
 ('8e9f0a1b-2c3d-4567-8901-23abcdef4567', 'e5f6a7b8-c9d0-8123-4567-890123abcdef', 'a1b2c3d4-e5f6-7890-1234-567890abcdef', FALSE, 6.50, CURRENT_TIMESTAMP, CURRENT_TIMESTAMP, 'GLASS', 'GLASS'),
 ('9f0a1b2c-3d4e-5678-9012-34abcdef5678', 'f6a7b8c9-d0e1-9234-5678-901234abcdef', 'a1b2c3d4-e5f6-7890-1234-567890abcdef', FALSE, 14.90, CURRENT_TIMESTAMP, CURRENT_TIMESTAMP, 'GLASS', 'GLASS'),
 ('0a1b2c3d-4e5f-6789-0123-45abcdef6789', '0a1b2c3d-4e5f-0345-6789-012345abcdef', 'a1b2c3d4-e5f6-7890-1234-567890abcdef', FALSE, 2.99, CURRENT_TIMESTAMP, CURRENT_TIMESTAMP, 'GLASS', 'GLASS'),
 ('1b2c3d4e-5f6a-7890-1234-56abcdef7890', '1b2c3d4e-5f6a-1456-7890-123456abcdef', 'a1b2c3d4-e5f6-7890-1234-567890abcdef', FALSE, 8.50, CURRENT_TIMESTAMP, CURRENT_TIMESTAMP, 'GLASS', 'GLASS'),
 ('2c3d4e5f-6a7b-8901-2345-67abcdef8901', '2c3d4e5f-6a7b-2567-8901-234567abcdef', 'a1b2c3d4-e5f6-7890-1234-567890abcdef', FALSE, 4.20, CURRENT_TIMESTAMP, CURRENT_TIMESTAMP, 'GLASS', 'GLASS'),
 ('3d4e5f6a-7b8c-9012-3456-78abcdef9012', '3d4e5f6a-7b8c-3678-9012-345678abcdef', 'a1b2c3d4-e5f6-7890-1234-567890abcdef', FALSE, 3.50, CURRENT_TIMESTAMP, CURRENT_TIMESTAMP, 'GLASS', 'GLASS');

 -- LISTAS_COMPRA
 INSERT INTO LISTAS_COMPRA (ID, USUARIO_ID, NOME, VALOR_TOTAL, TOTAL_ITENS, STATUS_LISTA_CODIGO, CREATED_DATE, MODIFIED_DATE, CREATED_BY, MODIFIED_BY) VALUES
 ('c9d0e1f2-a3b4-5678-9012-def123456789', 'c0a7b5f5-fc77-4afe-bf73-8213b3862bfb', 'Lista 1', 41.00, 2,'AGUARDANDO', CURRENT_TIMESTAMP, CURRENT_TIMESTAMP, 'GLASS', 'GLASS'),
 ('d0e1f2a3-b4c5-6789-0123-ef1234567890', 'c0a7b5f5-fc77-4afe-bf73-8213b3862bfb', 'Lista 2', 17.98, 2,'AGUARDANDO', CURRENT_TIMESTAMP, CURRENT_TIMESTAMP, 'GLASS', 'GLASS');

 -- ITENS_LISTA
 INSERT INTO ITENS_LISTA (ID, LISTAS_COMPRA_ID, ITEM_OFERTA_ID, QUANTIDADE, CREATED_DATE, MODIFIED_DATE, CREATED_BY, MODIFIED_BY) VALUES
 ('e1f2a3b4-c5d6-7890-1234-f12345678901', 'c9d0e1f2-a3b4-5678-9012-def123456789', 'a7b8c9d0-e1f2-3456-7890-1bcdef123456', 2, CURRENT_TIMESTAMP, CURRENT_TIMESTAMP, 'GLASS', 'GLASS'),
 ('f2a3b4c5-d6e7-8901-2345-123456789012', 'd0e1f2a3-b4c5-6789-0123-ef1234567890', 'b8c9d0e1-f2a3-4567-8901-cdef12345678', 2, CURRENT_TIMESTAMP, CURRENT_TIMESTAMP, 'GLASS', 'GLASS');

 INSERT INTO ITENS_LISTA (ID, LISTAS_COMPRA_ID, ITEM_OFERTA_ID, QUANTIDADE, CREATED_DATE, MODIFIED_DATE, CREATED_BY, MODIFIED_BY) VALUES
 ('f2a3b4c5-d6e7-8901-2345-0123456789ab', 'c9d0e1f2-a3b4-5678-9012-def123456789', '4a5b6c7d-8e9f-0123-4567-89abcdef0123', 2, CURRENT_TIMESTAMP, CURRENT_TIMESTAMP, 'GLASS', 'GLASS'),
 ('03b4c5d6-e7f8-9012-3456-1234567890bc', 'c9d0e1f2-a3b4-5678-9012-def123456789', '5b6c7d8e-9f0a-1234-5678-90abcdef1234', 1, CURRENT_TIMESTAMP, CURRENT_TIMESTAMP, 'GLASS', 'GLASS'),
 ('14c5d6e7-f8a9-0123-4567-2345678901cd', 'c9d0e1f2-a3b4-5678-9012-def123456789', '6c7d8e9f-0a1b-2345-6789-01abcdef2345', 1, CURRENT_TIMESTAMP, CURRENT_TIMESTAMP, 'GLASS', 'GLASS'),
 ('25d6e7f8-a9b0-1234-5678-3456789012de', 'c9d0e1f2-a3b4-5678-9012-def123456789', '7d8e9f0a-1b2c-3456-7890-12abcdef3456', 2, CURRENT_TIMESTAMP, CURRENT_TIMESTAMP, 'GLASS', 'GLASS'),
 ('36e7f8a9-b0c1-2345-6789-4567890123ef', 'c9d0e1f2-a3b4-5678-9012-def123456789', '8e9f0a1b-2c3d-4567-8901-23abcdef4567', 6, CURRENT_TIMESTAMP, CURRENT_TIMESTAMP, 'GLASS', 'GLASS'),
 ('47f8a9b0-c1d2-3456-7890-5678901234fa', 'c9d0e1f2-a3b4-5678-9012-def123456789', '9f0a1b2c-3d4e-5678-9012-34abcdef5678', 1, CURRENT_TIMESTAMP, CURRENT_TIMESTAMP, 'GLASS', 'GLASS'),
 ('58a9b0c1-d2e3-4567-8901-6789012345ab', 'c9d0e1f2-a3b4-5678-9012-def123456789', '0a1b2c3d-4e5f-6789-0123-45abcdef6789', 3, CURRENT_TIMESTAMP, CURRENT_TIMESTAMP, 'GLASS', 'GLASS'),
 ('69b0c1d2-e3f4-5678-9012-7890123456bc', 'c9d0e1f2-a3b4-5678-9012-def123456789', '1b2c3d4e-5f6a-7890-1234-56abcdef7890', 1, CURRENT_TIMESTAMP, CURRENT_TIMESTAMP, 'GLASS', 'GLASS'),
 ('70c1d2e3-f4a5-6789-0123-8901234567cd', 'c9d0e1f2-a3b4-5678-9012-def123456789', '2c3d4e5f-6a7b-8901-2345-67abcdef8901', 2, CURRENT_TIMESTAMP, CURRENT_TIMESTAMP, 'GLASS', 'GLASS'),
 ('81d2e3f4-a5b6-7890-1234-9012345678de', 'c9d0e1f2-a3b4-5678-9012-def123456789', '3d4e5f6a-7b8c-9012-3456-78abcdef9012', 4, CURRENT_TIMESTAMP, CURRENT_TIMESTAMP, 'GLASS', 'GLASS');