INSERT INTO STATUS_PRECO_REPORTADO (CODIGO, DESCRICAO, CREATED_DATE, MODIFIED_DATE, CREATED_BY, MODIFIED_BY)
VALUES
('AGUARDANDO', 'Aguardando processamento', CURRENT_TIMESTAMP, CURRENT_TIMESTAMP, 'GLASS', 'GLASS'),
('ERRO', 'Erro no processamento', CURRENT_TIMESTAMP, CURRENT_TIMESTAMP, 'GLASS', 'GLASS'),
('FINALIZADO', 'Processamento finalizado com sucesso', CURRENT_TIMESTAMP, CURRENT_TIMESTAMP, 'GLASS', 'GLASS');

-- Exemplos de Dados

 -- VENDEDORES
 INSERT INTO VENDEDORES (ID, NOME, CREATED_DATE, MODIFIED_DATE, CREATED_BY, MODIFIED_BY) VALUES
 ('a1b2c3d4-e5f6-7890-1234-567890abcdef', 'Supermercado Central', CURRENT_TIMESTAMP, CURRENT_TIMESTAMP, 'GLASS', 'GLASS'),
 ('b2c3d4e5-f6a7-8901-2345-67890abcdef1', 'Mercado do Bairro', CURRENT_TIMESTAMP, CURRENT_TIMESTAMP, 'GLASS', 'GLASS');

 -- ENDERECOS
 INSERT INTO ENDERECOS (ID, VENDEDOR_ID, COMPLEMENTO, CEP, LOGRADOURO, BAIRRO, CIDADE, NUMERO, ESTADO, CREATED_DATE, MODIFIED_DATE, CREATED_BY, MODIFIED_BY) VALUES
 ('c3d4e5f6-a7b8-9012-3456-7890abcdef12', 'a1b2c3d4-e5f6-7890-1234-567890abcdef', 'Loja 1', '12345-678', 'Rua Principal', 'Centro', 'Cidade Grande', '100', 'Estado Fictício', CURRENT_TIMESTAMP, CURRENT_TIMESTAMP, 'GLASS', 'GLASS'),
 ('d4e5f6a7-b8c9-0123-4567-890abcdef123', 'b2c3d4e5-f6a7-8901-2345-67890abcdef1', 'Esquina com a Rua B', '54321-876', 'Avenida Secundária', 'Vila Nova', 'Cidade Grande', '250', 'Estado Fictício', CURRENT_TIMESTAMP, CURRENT_TIMESTAMP, 'GLASS', 'GLASS');

 -- ITENS
 INSERT INTO ITENS (ID, NOME, DESCRICAO, IS_ATIVO, CREATED_DATE, MODIFIED_DATE, CREATED_BY, MODIFIED_BY) VALUES
 ('e5f6a7b8-c9d0-1234-5678-90abcdef1234', 'Arroz Agulhinha 1kg', 'Arroz branco tipo 1', TRUE, CURRENT_TIMESTAMP, CURRENT_TIMESTAMP, 'GLASS', 'GLASS'),
 ('f6a7b8c9-d0e1-2345-6789-0abcdef12345', 'Feijão Carioca 1kg', 'Feijão carioca tipo 1', TRUE, CURRENT_TIMESTAMP, CURRENT_TIMESTAMP, 'GLASS', 'GLASS');

 -- ITENS_OFERTA
 INSERT INTO ITENS_OFERTA (ID, ITEM_ID, VENDEDOR_ID, HAS_PROMOCAO_ATIVA, PRECO, CREATED_DATE, MODIFIED_DATE, CREATED_BY, MODIFIED_BY) VALUES
 ('a7b8c9d0-e1f2-3456-7890-1bcdef123456', 'e5f6a7b8-c9d0-1234-5678-90abcdef1234', 'a1b2c3d4-e5f6-7890-1234-567890abcdef', FALSE, 20.50, CURRENT_TIMESTAMP, CURRENT_TIMESTAMP, 'GLASS', 'GLASS'),
 ('b8c9d0e1-f2a3-4567-8901-cdef12345678', 'f6a7b8c9-d0e1-2345-6789-0abcdef12345', 'b2c3d4e5-f6a7-8901-2345-67890abcdef1', TRUE, 8.99, CURRENT_TIMESTAMP, CURRENT_TIMESTAMP, 'GLASS', 'GLASS');

 -- Assumindo que existe um usuário com o ID 'f47ac10b-58cc-4372-a567-0e02b2c3d479'
 -- LISTAS_COMPRA
 INSERT INTO LISTAS_COMPRA (ID, USUARIO_ID, VALOR_TOTAL, TOTAL_ITENS, CREATED_DATE, MODIFIED_DATE, CREATED_BY, MODIFIED_BY) VALUES
 ('c9d0e1f2-a3b4-5678-9012-def123456789', 'c0a7b5f5-fc77-4afe-bf73-8213b3862bfb', 41.00, 2, CURRENT_TIMESTAMP, CURRENT_TIMESTAMP, 'GLASS', 'GLASS'),
 ('d0e1f2a3-b4c5-6789-0123-ef1234567890', 'c0a7b5f5-fc77-4afe-bf73-8213b3862bfb', 17.98, 2, CURRENT_TIMESTAMP, CURRENT_TIMESTAMP, 'GLASS', 'GLASS');

 -- ITENS_LISTA
 INSERT INTO ITENS_LISTA (ID, LISTAS_COMPRA_ID, ITEM_OFERTA_ID, QUANTIDADE, CREATED_DATE, MODIFIED_DATE, CREATED_BY, MODIFIED_BY) VALUES
 ('e1f2a3b4-c5d6-7890-1234-f12345678901', 'c9d0e1f2-a3b4-5678-9012-def123456789', 'a7b8c9d0-e1f2-3456-7890-1bcdef123456', 2, CURRENT_TIMESTAMP, CURRENT_TIMESTAMP, 'GLASS', 'GLASS'),
 ('f2a3b4c5-d6e7-8901-2345-123456789012', 'd0e1f2a3-b4c5-6789-0123-ef1234567890', 'b8c9d0e1-f2a3-4567-8901-cdef12345678', 2, CURRENT_TIMESTAMP, CURRENT_TIMESTAMP, 'GLASS', 'GLASS');